timestamp,humidity,temperature,filename
2026-03-03 21:09:45,0.0,0.0,20260303_210945.jpg
2026-03-03 21:10:02,0.0,0.0,20260303_211002.jpg
2026-03-03 21:10:22,0.0,0.0,20260303_211022.jpg
2026-03-03 21:10:42,0.0,0.0,20260303_211042.jpg
2026-03-03 21:11:02,0.0,0.0,20260303_211102.jpg
2026-03-03 21:11:22,0.0,0.0,20260303_211122.jpg
2026-03-03 21:11:42,0.0,0.0,20260303_211142.jpg
2026-03-03 21:12:02,0.0,0.0,20260303_211202.jpg
2026-03-03 21:12:22,0.0,0.0,20260303_211222.jpg
2026-03-03 21:12:42,0.0,0.0,20260303_211242.jpg
2026-03-03 21:13:02,0.0,0.0,20260303_211302.jpg
2026-03-03 21:13:22,0.0,0.0,20260303_211322.jpg
2026-03-03 21:13:42,0.0,0.0,20260303_211342.jpg
2026-03-03 21:14:02,0.0,0.0,20260303_211402.jpg
2026-03-03 21:14:22,0.0,0.0,20260303_211422.jpg
2026-03-03 21:14:42,0.0,0.0,20260303_211442.jpg
2026-03-03 21:15:02,0.0,0.0,20260303_211502.jpg
2026-03-03 21:15:22,0.0,0.0,20260303_211522.jpg
2026-03-04 02:07:00,0.0,0.0,20260304_020700.jpg
2026-03-04 02:07:20,0.0,0.0,20260304_020720.jpg
2026-03-04 02:07:40,0.0,0.0,20260304_020740.jpg
2026-03-04 02:07:59,0.0,0.0,20260304_020759.jpg
2026-03-04 02:08:20,0.0,0.0,20260304_020820.jpg
2026-03-04 02:08:40,0.0,0.0,20260304_020840.jpg
2026-03-04 02:09:00,0.0,0.0,20260304_020900.jpg
2026-03-05 23:49:03,0.0,0.0,20260305_234903.jpg
2026-03-05 23:50:23,0.0,0.0,20260305_235023.jpg
2026-03-05 23:58:25,0.0,0.0,20260305_235825.jpg
2026-03-05 23:59:22,0.0,0.0,20260305_235922.jpg
2026-03-06 00:08:57,0.0,0.0,20260306_000857.jpg
2026-03-06 00:11:57,0.0,0.0,20260306_001157.jpg
2026-03-06 00:24:36,0.0,0.0,20260306_002436.jpg
2026-03-06 00:24:57,0.0,0.0,20260306_002457.jpg
2026-03-06 00:25:16,0.0,0.0,20260306_002516.jpg
2026-03-06 00:25:36,0.0,0.0,20260306_002536.jpg
2026-03-06 00:25:57,0.0,0.0,20260306_002557.jpg
2026-03-06 00:26:17,0.0,0.0,20260306_002617.jpg
2026-03-06 00:26:39,0.0,0.0,20260306_002639.jpg
2026-03-06 00:26:57,0.0,0.0,20260306_002657.jpg
2026-03-06 00:27:17,0.0,0.0,20260306_002717.jpg
2026-03-06 00:27:37,0.0,0.0,20260306_002737.jpg
2026-03-06 00:27:57,0.0,0.0,20260306_002757.jpg
2026-03-06 00:28:17,0.0,0.0,20260306_002817.jpg
2026-03-06 00:28:37,0.0,0.0,20260306_002837.jpg
2026-03-06 00:28:57,0.0,0.0,20260306_002857.jpg
2026-03-06 00:29:17,0.0,0.0,20260306_002917.jpg
2026-03-06 00:29:37,0.0,0.0,20260306_002937.jpg
2026-03-06 00:29:57,0.0,0.0,20260306_002957.jpg
2026-03-06 00:30:17,0.0,0.0,20260306_003017.jpg
2026-03-06 00:30:37,0.0,0.0,20260306_003037.jpg
2026-03-06 00:30:57,0.0,0.0,20260306_003057.jpg
2026-03-06 00:31:17,0.0,0.0,20260306_003117.jpg
2026-03-06 00:31:37,0.0,0.0,20260306_003137.jpg
2026-03-06 00:31:57,0.0,0.0,20260306_003157.jpg
2026-03-06 00:32:17,0.0,0.0,20260306_003217.jpg
2026-03-06 00:32:37,0.0,0.0,20260306_003237.jpg
2026-03-06 00:32:57,0.0,0.0,20260306_003257.jpg
2026-03-06 00:33:17,0.0,0.0,20260306_003317.jpg
2026-03-06 00:33:37,0.0,0.0,20260306_003337.jpg
2026-03-06 00:33:57,0.0,0.0,20260306_003357.jpg
2026-03-06 00:34:17,0.0,0.0,20260306_003417.jpg
2026-03-06 00:34:37,0.0,0.0,20260306_003437.jpg
2026-03-06 00:34:57,0.0,0.0,20260306_003457.jpg
2026-03-06 00:35:17,0.0,0.0,20260306_003517.jpg
2026-03-06 00:35:37,0.0,0.0,20260306_003537.jpg
2026-03-06 00:35:57,0.0,0.0,20260306_003557.jpg
2026-03-06 00:36:17,0.0,0.0,20260306_003617.jpg
2026-03-06 00:36:37,0.0,0.0,20260306_003637.jpg
2026-03-06 00:36:57,0.0,0.0,20260306_003657.jpg
2026-03-06 00:37:17,0.0,0.0,20260306_003717.jpg
2026-03-06 00:37:37,0.0,0.0,20260306_003737.jpg
2026-03-06 00:37:57,0.0,0.0,20260306_003757.jpg
2026-03-06 00:38:17,0.0,0.0,20260306_003817.jpg
2026-03-06 00:38:37,0.0,0.0,20260306_003837.jpg
2026-03-06 00:38:57,0.0,0.0,20260306_003857.jpg
2026-03-06 00:39:17,0.0,0.0,20260306_003917.jpg
2026-03-06 00:39:37,0.0,0.0,20260306_003937.jpg
2026-03-06 00:39:57,0.0,0.0,20260306_003957.jpg
2026-03-06 00:40:17,0.0,0.0,20260306_004017.jpg
2026-03-06 00:40:57,0.0,0.0,20260306_004057.jpg
2026-03-06 00:46:17,0.0,0.0,20260306_004617.jpg
2026-03-06 00:47:37,0.0,0.0,20260306_004737.jpg
2026-03-06 20:39:46,0.0,0.0,20260306_203946.jpg
2026-03-06 20:40:28,0.0,0.0,20260306_204028.jpg
2026-03-06 20:42:46,0.0,0.0,20260306_204246.jpg
2026-03-06 20:44:29,0.0,0.0,20260306_204429.jpg
2026-03-06 20:44:49,0.0,0.0,20260306_204449.jpg
2026-03-06 20:49:26,0.0,0.0,20260306_204926.jpg
2026-03-06 20:50:06,0.0,0.0,20260306_205006.jpg
2026-03-06 20:53:09,0.0,0.0,20260306_205309.jpg
2026-03-07 00:14:49,0.0,0.0,20260307_001449.jpg
2026-03-07 00:15:18,0.0,0.0,20260307_001518.jpg
2026-03-07 00:15:37,0.0,0.0,20260307_001537.jpg
2026-03-07 00:15:57,0.0,0.0,20260307_001557.jpg
2026-03-07 00:16:17,0.0,0.0,20260307_001617.jpg
2026-03-07 00:16:37,0.0,0.0,20260307_001637.jpg
2026-03-07 00:16:57,0.0,0.0,20260307_001657.jpg
2026-03-07 00:33:04,0.0,0.0,20260307_003304.jpg
2026-03-07 00:33:25,0.0,0.0,20260307_003325.jpg
2026-03-07 00:35:23,0.0,0.0,20260307_003523.jpg
2026-03-07 00:35:40,0.0,0.0,20260307_003540.jpg
2026-03-07 00:36:00,0.0,0.0,20260307_003600.jpg
2026-03-07 00:36:20,0.0,0.0,20260307_003620.jpg
2026-03-07 00:36:40,0.0,0.0,20260307_003640.jpg
2026-03-07 00:37:00,0.0,0.0,20260307_003700.jpg
2026-03-07 00:37:20,0.0,0.0,20260307_003720.jpg
2026-03-07 00:37:40,0.0,0.0,20260307_003740.jpg
2026-03-07 00:38:00,0.0,0.0,20260307_003800.jpg
2026-03-07 00:38:20,0.0,0.0,20260307_003820.jpg
2026-03-07 00:38:40,0.0,0.0,20260307_003840.jpg
2026-03-07 00:39:00,0.0,0.0,20260307_003900.jpg
2026-03-07 00:39:20,0.0,0.0,20260307_003920.jpg
2026-03-07 00:39:40,0.0,0.0,20260307_003940.jpg
2026-03-07 00:40:00,0.0,0.0,20260307_004000.jpg
2026-03-07 00:40:20,0.0,0.0,20260307_004020.jpg
2026-03-07 00:40:40,0.0,0.0,20260307_004040.jpg
2026-03-07 00:41:00,0.0,0.0,20260307_004100.jpg
2026-03-07 00:41:20,0.0,0.0,20260307_004120.jpg
2026-03-07 00:41:40,0.0,0.0,20260307_004140.jpg
2026-03-07 00:42:00,0.0,0.0,20260307_004200.jpg
2026-03-07 00:42:20,0.0,0.0,20260307_004220.jpg
2026-03-07 00:42:40,0.0,0.0,20260307_004240.jpg
2026-03-07 00:43:00,0.0,0.0,20260307_004300.jpg
2026-03-07 00:43:20,0.0,0.0,20260307_004320.jpg
2026-03-07 00:43:40,0.0,0.0,20260307_004340.jpg
2026-03-07 00:44:00,0.0,0.0,20260307_004400.jpg
2026-03-07 00:44:20,0.0,0.0,20260307_004420.jpg
2026-03-07 00:44:40,0.0,0.0,20260307_004440.jpg
2026-03-07 00:45:00,0.0,0.0,20260307_004500.jpg
2026-03-07 00:45:20,0.0,0.0,20260307_004520.jpg
2026-03-07 00:45:40,0.0,0.0,20260307_004540.jpg
2026-03-07 00:46:00,0.0,0.0,20260307_004600.jpg
2026-03-07 00:46:20,0.0,0.0,20260307_004620.jpg
2026-03-07 00:46:40,0.0,0.0,20260307_004640.jpg
2026-03-07 00:47:00,0.0,0.0,20260307_004700.jpg
2026-03-07 00:47:20,0.0,0.0,20260307_004720.jpg
2026-03-07 00:47:40,0.0,0.0,20260307_004740.jpg
2026-03-07 00:48:00,0.0,0.0,20260307_004800.jpg
2026-03-07 00:48:20,0.0,0.0,20260307_004820.jpg
2026-03-07 00:48:40,0.0,0.0,20260307_004840.jpg
2026-03-07 00:49:00,0.0,0.0,20260307_004900.jpg
2026-03-07 00:49:20,0.0,0.0,20260307_004920.jpg
2026-03-07 00:49:40,0.0,0.0,20260307_004940.jpg
2026-03-07 00:50:00,0.0,0.0,20260307_005000.jpg
2026-03-07 00:50:20,0.0,0.0,20260307_005020.jpg
2026-03-07 00:50:40,0.0,0.0,20260307_005040.jpg
2026-03-07 00:51:00,0.0,0.0,20260307_005100.jpg
2026-03-07 00:51:20,0.0,0.0,20260307_005120.jpg
2026-03-07 00:52:12,0.0,0.0,20260307_005212.jpg
2026-03-07 00:52:31,0.0,0.0,20260307_005231.jpg
2026-03-07 00:52:51,0.0,0.0,20260307_005251.jpg
2026-03-07 00:53:11,0.0,0.0,20260307_005311.jpg
2026-03-07 00:53:31,0.0,0.0,20260307_005331.jpg
2026-03-07 01:02:11,0.0,0.0,20260307_010211.jpg
2026-03-07 01:02:30,0.0,0.0,20260307_010230.jpg
2026-03-07 01:02:53,0.0,0.0,20260307_010253.jpg
2026-03-07 01:09:14,0.0,0.0,20260307_010914.jpg
2026-03-07 01:09:34,0.0,0.0,20260307_010934.jpg
2026-03-07 01:09:54,0.0,0.0,20260307_010954.jpg
2026-03-07 01:10:14,0.0,0.0,20260307_011014.jpg
2026-03-07 01:14:21,0.0,0.0,20260307_011421.jpg
2026-03-07 10:54:45,0.0,0.0,20260307_105445.jpg
2026-03-07 10:55:05,0.0,0.0,20260307_105505.jpg
2026-03-07 10:55:25,0.0,0.0,20260307_105525.jpg
2026-03-07 10:55:45,0.0,0.0,20260307_105545.jpg
2026-03-07 10:56:05,0.0,0.0,20260307_105605.jpg
2026-03-07 10:56:25,0.0,0.0,20260307_105625.jpg
2026-03-07 10:56:45,0.0,0.0,20260307_105645.jpg
2026-03-07 10:57:05,0.0,0.0,20260307_105705.jpg
2026-03-07 10:57:50,3.0,24.6,20260307_105750.jpg
2026-03-07 10:58:09,3.0,24.6,20260307_105809.jpg
2026-03-07 10:58:29,3.0,24.5,20260307_105829.jpg
2026-03-07 10:58:49,3.0,24.5,20260307_105849.jpg
2026-03-07 10:59:09,0.0,0.0,20260307_105909.jpg
2026-03-07 10:59:29,3.0,24.6,20260307_105929.jpg
2026-03-07 10:59:49,3.0,24.5,20260307_105949.jpg
2026-03-07 11:00:09,3.0,24.6,20260307_110009.jpg
2026-03-07 11:00:29,3.0,24.6,20260307_110029.jpg
2026-03-07 11:00:49,3.0,24.5,20260307_110049.jpg
2026-03-07 11:01:09,3.0,24.5,20260307_110109.jpg
2026-03-07 11:01:29,3.0,24.6,20260307_110129.jpg
2026-03-07 11:01:49,3.0,24.6,20260307_110149.jpg
2026-03-07 11:02:09,3.0,24.6,20260307_110209.jpg
2026-03-07 11:02:29,0.0,0.0,20260307_110229.jpg
2026-03-07 11:02:49,3.0,24.6,20260307_110249.jpg
2026-03-07 11:03:09,3.0,24.6,20260307_110309.jpg
2026-03-07 11:03:29,3.0,24.7,20260307_110329.jpg
2026-03-07 11:03:49,3.0,24.8,20260307_110349.jpg
2026-03-07 11:04:09,3.0,24.8,20260307_110409.jpg
2026-03-07 11:04:29,3.0,24.8,20260307_110429.jpg
2026-03-07 11:04:49,3.0,24.8,20260307_110449.jpg
2026-03-07 11:05:09,3.0,24.7,20260307_110509.jpg
2026-03-07 11:05:29,3.0,24.7,20260307_110529.jpg
2026-03-07 11:05:49,3.0,24.7,20260307_110549.jpg
2026-03-07 11:06:09,3.0,24.6,20260307_110609.jpg
2026-03-07 11:06:29,3.0,24.7,20260307_110629.jpg
2026-03-07 11:06:49,3.0,24.6,20260307_110649.jpg
2026-03-07 11:07:09,3.0,24.6,20260307_110709.jpg
2026-03-07 11:07:29,3.0,24.7,20260307_110729.jpg
2026-03-07 11:07:49,3.0,24.7,20260307_110749.jpg
2026-03-07 11:08:09,3.0,24.6,20260307_110809.jpg
2026-03-07 11:08:29,3.0,24.6,20260307_110829.jpg
2026-03-07 11:08:49,3.0,24.7,20260307_110849.jpg
2026-03-07 11:09:09,3.0,24.7,20260307_110909.jpg
2026-03-07 11:09:29,3.0,24.6,20260307_110929.jpg
2026-03-07 11:09:49,3.0,24.7,20260307_110949.jpg
2026-03-07 11:10:09,3.0,24.7,20260307_111009.jpg
2026-03-07 11:10:29,3.0,24.6,20260307_111029.jpg
2026-03-07 11:10:49,3.0,24.7,20260307_111049.jpg
2026-03-15 20:20:48,2.0,2.0,20260315_202048.jpg
2026-03-15 20:21:08,0.0,0.0,20260315_202108.jpg
2026-03-15 20:21:28,2.0,2.0,20260315_202128.jpg
2026-03-15 20:21:48,2.0,2.1,20260315_202148.jpg
2026-03-15 20:22:08,2.0,2.2,20260315_202208.jpg
2026-03-15 20:22:28,2.0,2.4,20260315_202228.jpg
2026-03-15 20:22:48,3.0,2.6,20260315_202248.jpg
2026-03-15 20:26:20,2.0,1.1,20260315_202620.jpg
2026-03-15 20:29:41,2.0,1.1,20260315_202941.jpg
2026-03-15 20:30:01,2.0,1.1,20260315_203001.jpg
2026-03-15 20:30:21,2.0,1.1,20260315_203021.jpg
2026-03-15 20:30:41,2.0,1.5,20260315_203041.jpg
2026-03-15 20:31:01,2.0,1.6,20260315_203101.jpg
2026-03-15 20:31:21,2.0,1.5,20260315_203121.jpg
2026-03-15 20:31:41,2.0,1.5,20260315_203141.jpg
2026-03-15 20:32:28,2.0,1.4,20260315_203228.jpg
