relato,risco
"sinto dor no peito e falta de ar intensa",alto risco
"aperto forte no peito irradiando para o braco esquerdo",alto risco
"falta de ar ao deitar e pernas muito inchadas",alto risco
"coracao muito acelerado batimento descompassado e tontura",alto risco
"queimacao retroesternal forte com suor frio",alto risco
"dor no torax que piora muito ao caminhar ou subir escada",alto risco
"dificuldade extrema para respirar a noite com sensacao de sufocamento",alto risco
"pontada subita no peito com formigamento na mandibula e pescoco",alto risco
"falta de ar repentina acompanhada de palidez e fraqueza",alto risco
"aperto retroesternal em repouso durando mais de vinte minutos",alto risco
"batimento cardiaco disparado sem motivo aparente acompanhado de escurecimento visual",alto risco
"sensacao de peso insuportavel no centro do peito",alto risco
"edema acentuado nos dois tornozelos com cansaco extremo ao menor esforco",alto risco
"dor aguda no peito com queimao e nauseas intensas",alto risco
"falta de ar progressiva com labios arroxeados",alto risco
"dor no peito constante que piora com esforco fisico",alto risco
"dor precordial em aperto com irradiacao para o dorso",alto risco
"falta de ar grave e dor toracica aguda",alto risco
"taquicardia severa com sensacao de desmaio iminente",alto risco
"dor forte no torax e aperto no peito ha dois dias",alto risco
"dor e queimação no peito com suor frio e palidez",alto risco
"dificuldade severa para respirar ao menor esforco fisico",alto risco
"palpitacao intensa e aperto no torax apos subir escada",alto risco
"cansaco extremo com pernas inchadas e falta de ar ao deitar",alto risco
"dor no peito insuportavel com nausea e falta de ar",alto risco
"tive um leve incomodo nas costas ontem a tarde",baixo risco
"pontada muscular passageira nas costas ao me movimentar",baixo risco
"cansaco comum ao final de um longo expediente de trabalho",baixo risco
"desconforto postural nos ombros apos usar o notebook",baixo risco
"dor muscular nas costelas que aumenta quando dou risada",baixo risco
"sensacao de azia e queimacao apos comer comida gordurosa",baixo risco
"leve estresse rotineiro com dor de cabeca no final da tarde",baixo risco
"pontada passageira muscular que sumiu ao mudar de posicao",baixo risco
"pequena dor no ombro direito apos carregar compras pesadas",baixo risco
"sensacao de cansaco leve por ter dormido poucas horas",baixo risco
"desconforto na musculatura dorsal devido a postura incorreta",baixo risco
"dor nas costas que melhora quando me deito e repouso",baixo risco
"leve mal estar gastrico passageiro sem outros sintomas",baixo risco
"tensao no pescoco e trapezio por trabalho excessivo",baixo risco
"fadiga habitual que melhora totalmente apos descanso no final de semana",baixo risco
"desconforto muscular leve nas costas apos exercicio na academia",baixo risco
"dor muscular no pescoco por dormir de mau jeito",baixo risco
"cansaco leve de rotina apos semana corrida",baixo risco
"dor muscular passageira nas costas ao tossir ou espirrar",baixo risco
"leve dor de cabeca por tensao muscular nos ombros",baixo risco
"azia leve apos beber cafe em excesso sem sintomas no peito",baixo risco
"pequeno desconforto postural apos dirigir por muitas horas",baixo risco
"incômodo leve nas costas que passa com alongamento",baixo risco
"dor muscular localizada nas costas que piora ao apertar",baixo risco
"sensacao passageira de cansaco fisico apos caminhar no sol",baixo risco
